{
    "significant_genes": {
        "Variable": [
            "KDM4D",
            "GRB14",
            "ZNF239",
            "LCMT2",
            "CRLF3",
            "VIPR2",
            "SLC2A1",
            "PLK4",
            "FBXO9",
            "AGBL3",
            "BHMT2",
            "XIAP",
            "PSMD5",
            "CA8",
            "NUDT4",
            "HSPB2",
            "FZD9",
            "LRRC37BP1",
            "DNAJC28",
            "A4GALT",
            "CDHR1",
            "SIGIRR",
            "GPNMB",
            "PSPH",
            "ZNF37BP",
            "ARID5A",
            "RBM3",
            "PEX6",
            "UBE3B",
            "SULF1",
            "ERVK3-2",
            "SPINT1",
            "SLC12A6"
        ],
        "Coefficient": [
            -0.13872796965346168,
            0.0752743399471117,
            -0.07337312143601647,
            -0.06746662958457808,
            -0.0660723963564039,
            -0.06099211115198985,
            0.058708258186873453,
            -0.052098439785605334,
            -0.04275746129617612,
            -0.03911062884127152,
            0.03773880028747701,
            -0.037329453792420364,
            -0.03339767048279897,
            -0.029615935672021327,
            -0.027135399370497155,
            -0.02307174615975512,
            0.02267147667616876,
            -0.021502181483166998,
            -0.021021417857496512,
            0.019041264056114872,
            0.015814371771029616,
            0.015323481352939866,
            0.01477869424403104,
            0.014152153940802999,
            -0.01341726707079392,
            0.01312599642991405,
            -0.010500922066599735,
            0.009776798912598942,
            -0.008804969071705493,
            -0.00879380232296059,
            -0.004291158349600287,
            0.003740508740956434,
            -0.00028184247125779193
        ],
        "Absolute Coefficient": [
            0.13872796965346168,
            0.0752743399471117,
            0.07337312143601647,
            0.06746662958457808,
            0.0660723963564039,
            0.06099211115198985,
            0.058708258186873453,
            0.052098439785605334,
            0.04275746129617612,
            0.03911062884127152,
            0.03773880028747701,
            0.037329453792420364,
            0.03339767048279897,
            0.029615935672021327,
            0.027135399370497155,
            0.02307174615975512,
            0.02267147667616876,
            0.021502181483166998,
            0.021021417857496512,
            0.019041264056114872,
            0.015814371771029616,
            0.015323481352939866,
            0.01477869424403104,
            0.014152153940802999,
            0.01341726707079392,
            0.01312599642991405,
            0.010500922066599735,
            0.009776798912598942,
            0.008804969071705493,
            0.00879380232296059,
            0.004291158349600287,
            0.003740508740956434,
            0.00028184247125779193
        ]
    },
    "cv_performance": {
        "prediction": {
            "accuracy": 77.14285714285714,
            "precision": 83.33333333333333,
            "recall": 73.33333333333333,
            "f1": 74.18181818181817
        },
        "selection": {
            "precision": 0.7142857142857142,
            "recall": 2.0,
            "f1": 1.0526315789473681,
            "jaccard": 0.5405405405405406
        }
    }
}