{
    "significant_genes": {
        "Variable": [
            "NPM1",
            "RPS9",
            "TPM1",
            "PGRMC1",
            "PTP4A1",
            "HGD",
            "FHL1",
            "RPS17",
            "TAGLN2",
            "PF4",
            "PRKAR2B",
            "TAX1BP3",
            "PRDX6",
            "RHOBTB3",
            "RABGEF1",
            "POLR2L",
            "NRN1",
            "CA2",
            "EEF1B2",
            "PPBP",
            "GADD45A",
            "RPL41",
            "CTTN",
            "CD99",
            "PRNP",
            "CALM3",
            "RTN2",
            "RPS6",
            "RPL5",
            "RPLP0",
            "CDK2AP1",
            "NCOA4",
            "STOM",
            "MLH3",
            "PARVB",
            "PCSK6",
            "RAB13"
        ],
        "Coefficient": [
            0.4359582684264136,
            0.3927887341651328,
            -0.3387150216770323,
            -0.3133826127453358,
            -0.30849318756372085,
            -0.291900675437369,
            0.25959297457913005,
            -0.19139109554908057,
            0.1696986661740354,
            0.16370704462755503,
            -0.15091901974055355,
            0.14491448418036973,
            -0.14106429106243676,
            -0.13958030896754703,
            0.1374965746873256,
            0.13473023742080434,
            -0.12944596820299348,
            -0.1103109708270595,
            0.11021773583325031,
            0.10593549562052691,
            0.08151136369525638,
            -0.08030437152546133,
            -0.06710960222998857,
            0.05824793112214829,
            -0.055853831654682315,
            0.05572557760326608,
            0.05212478375755503,
            -0.05113722631805331,
            0.03808525658594606,
            0.036249879762524306,
            0.034520211393713446,
            0.03026212908920972,
            -0.025566638321060868,
            -0.020164810303466833,
            0.019147803169178926,
            -0.01755170650886648,
            -0.016134986610785638
        ],
        "Absolute Coefficient": [
            0.4359582684264136,
            0.3927887341651328,
            0.3387150216770323,
            0.3133826127453358,
            0.30849318756372085,
            0.291900675437369,
            0.25959297457913005,
            0.19139109554908057,
            0.1696986661740354,
            0.16370704462755503,
            0.15091901974055355,
            0.14491448418036973,
            0.14106429106243676,
            0.13958030896754703,
            0.1374965746873256,
            0.13473023742080434,
            0.12944596820299348,
            0.1103109708270595,
            0.11021773583325031,
            0.10593549562052691,
            0.08151136369525638,
            0.08030437152546133,
            0.06710960222998857,
            0.05824793112214829,
            0.055853831654682315,
            0.05572557760326608,
            0.05212478375755503,
            0.05113722631805331,
            0.03808525658594606,
            0.036249879762524306,
            0.034520211393713446,
            0.03026212908920972,
            0.025566638321060868,
            0.020164810303466833,
            0.019147803169178926,
            0.01755170650886648,
            0.016134986610785638
        ]
    },
    "cv_performance": {
        "prediction": {
            "accuracy": 78.57142857142858,
            "precision": 70.57142857142858,
            "recall": 73.33333333333333,
            "f1": 69.38528138528139
        },
        "selection": {
            "precision": 0.0,
            "recall": 0.0,
            "f1": 0.0,
            "jaccard": 0.0
        }
    }
}