{
    "significant_genes": {
        "Variable": [
            "NKAIN4",
            "SERPINB2",
            "ACHE",
            "CD200R1",
            "KLK1",
            "SPIRE2",
            "AWAT2",
            "C21orf91",
            "APOH",
            "DMRTA2",
            "SPSB1",
            "ASGR1",
            "HOTAIRM1",
            "OGFOD1",
            "ZC2HC1A",
            "AJAP1",
            "ZNF300",
            "EVA1A",
            "LINC00408",
            "SNORA20",
            "ABAT",
            "TSPAN33",
            "ALOX12-AS1",
            "LINC00368",
            "ZFP36L2",
            "SERHL",
            "EXTL1",
            "STRIP2",
            "GABPB1",
            "POLN",
            "CCNE1",
            "LOC101927345",
            "ASCL1",
            "TCAP",
            "XIRP2-AS1"
        ],
        "Coefficient": [
            -0.08887932308423567,
            0.06395439163725444,
            0.05647609272632904,
            0.04894425833197251,
            0.03628352270321129,
            0.030583394581471395,
            -0.028463457192328977,
            0.027794191582487693,
            -0.02662023554727636,
            -0.02415756932530317,
            0.01798366917452265,
            0.017596956945029,
            0.017179599849961386,
            -0.016334528367573577,
            0.016227934252642122,
            0.013743659144852566,
            0.011863014511527822,
            -0.009815604624426573,
            -0.009653181935763719,
            0.008869994275218587,
            -0.008781261077856293,
            -0.008581086077834645,
            -0.00803375599927944,
            0.007872325918002155,
            0.007034918346230576,
            0.0070195249260233215,
            0.005572113004388004,
            -0.005541598090172508,
            0.004812550153822126,
            0.0042124269368816,
            -0.0036681232438152125,
            -0.0016435516311811577,
            0.001340777334294213,
            0.001273252833192232,
            0.001052564946351384
        ],
        "Absolute Coefficient": [
            0.08887932308423567,
            0.06395439163725444,
            0.05647609272632904,
            0.04894425833197251,
            0.03628352270321129,
            0.030583394581471395,
            0.028463457192328977,
            0.027794191582487693,
            0.02662023554727636,
            0.02415756932530317,
            0.01798366917452265,
            0.017596956945029,
            0.017179599849961386,
            0.016334528367573577,
            0.016227934252642122,
            0.013743659144852566,
            0.011863014511527822,
            0.009815604624426573,
            0.009653181935763719,
            0.008869994275218587,
            0.008781261077856293,
            0.008581086077834645,
            0.00803375599927944,
            0.007872325918002155,
            0.007034918346230576,
            0.0070195249260233215,
            0.005572113004388004,
            0.005541598090172508,
            0.004812550153822126,
            0.0042124269368816,
            0.0036681232438152125,
            0.0016435516311811577,
            0.001340777334294213,
            0.001273252833192232,
            0.001052564946351384
        ]
    },
    "cv_performance": {
        "prediction": {
            "accuracy": 97.5,
            "precision": 100.0,
            "recall": 96.0,
            "f1": 97.77777777777779
        },
        "selection": {
            "precision": 0.6666666666666667,
            "recall": 1.1111111111111112,
            "f1": 0.8333333333333334,
            "jaccard": 0.425531914893617
        }
    }
}